Means of Transport,Total Arrivals
Air,49024873.64493397
Road,19616907.581979234
Sea,3249156.722100095
Railway,10659.2643788973
