Country,Total Arrivals
Germany,9076041.7719792
Other European countries,7906534.606338798
United Kingdom,7614748.320766595
France,4742139.926963832
