Year,Total Arrivals
2011,16427246.97380691
2012,15517621.577568099
2013,17923266.591665346
2014,22033462.070351817
